Name,Cuisine,Neighbourhood,Address,Tier,Price,Book,Sun16,Mon17,Tue18,Wed19,Thu20,Why Bob,Order / note,URL,Hours source,Must
Ekberg Café,Bakery / brunch,Punavuori,Bulevardi 9,icon,VERIFY,Book brunch,Brunch 9–14:30; café 9–18,Breakfast 7:30–10:30; café 7:30–19,same,same,same,Oldest café — first impression without tourist log-cabin,Brunch plate,https://www.ekberg.fi/,Official 9.8–6.9.2026 summer hours,10
Karl Fazer Café,Café / chocolate,Kluuvi,Kluuvikatu 3,icon,VERIFY,Walk-in,10–20,7:30–22,7:30–22,7:30–22,7:30–22,"1891 room; weekend brunch advertised, sitting hours not printed",Salmon soup + pastry VERIFY,https://www.fazer.fi/fazer-cafe/kahvilat/karl-fazer-cafe/,Official café hours,8
Levain Merikortteli,Bakery / eatery,Punavuori,Pursimiehenkatu 29–31,neighbourhood,VERIFY,Walk-in / book,8:30–16:30,8:00–16:30,8:00–16:30,8:00–16:30,8:00–16:30,Sourdough backup if Ekberg slammed,Cardamom bun + savoury,https://www.levain.fi/contact,Official,6
Levain Ullanlinna,Bakery / eatery,Ullanlinna,Korkeavuorenkatu 21,neighbourhood,VERIFY,Walk-in,8–16,8–16,8–16,8–16,8–16,Next door to ADM — Tuesday lunch,Sourdough lunch,https://www.levain.fi/contact,Official,7
Georgian Kitchen,Georgian,Punavuori,Albertinkatu 7,neighbourhood,VERIFY,Book,13–22,15–23,15–23,15–23,15–23,Family table; prefer over the chain,Khachapuri + khinkali,https://www.georgiankitchen.fi/,Official,10
Rioni,Georgian,Kaartinkaupunki,Kasarmikatu 25,hot,VERIFY,Book,13–22,16–23,16–23,16–23,16–23,Open Sunday; chain; courtyard,Same supra logic,https://www.rioni.fi/en-gb/helsinki,Official,8
Georgian Supra,Georgian / wine,Kallio,Hämeentie 36,hot,VERIFY,Book,14–21*,CLOSED*,16–22*,16–22*,16–22*,Kallio night energy. Hours from TableOnline 12.5.2026 — VERIFY,Supra + qvevri,https://www.georgiansupra.fi/,Official address; hours secondary,7
Gaijin,North Asia / Levant-leaning sharing,Punavuori,Bulevardi 6,hot,VERIFY,Book,Dinner 15:00; kitchen 21:00,Dinner 16:30 (lunch closed),Lunch MAY resume; dinner 16:30,Dinner 16:30,Dinner 16:30,Serious cooking next to Ekberg. Not Georgian. Lunch closed 22.6–17.8.2026.,Sharing plates,https://www.gaijin.fi/reservation,Official contact/reservation,8
Nolla,Nordic zero-waste,Punavuori,Fredrikinkatu 22,icon,VERIFY in booker,Book,CLOSED*,CLOSED*,Dinner ~17:30*,Dinner*,Leave 15:00,Bib Gourmand; thesis kitchen; official site has no hours table,Chef's Choice,https://restaurantnolla.com/reservations/,Hours: Michelin listing (secondary),10
Grön,Forage Nordic,Punavuori,Albertinkatu 36,icon,188e menu official,Book (hard),CLOSED,CLOSED,CLOSED,Dinner*,Leave 15:00,Official summer 2026 menu 188e + vegan 188e preorder. Wine pairing 142e.,Set (request vegan in booker if needed),https://dinnerbooking.com/fi/en-US/r3904/restaurant-gron,Menu official; hours secondary,9
Latitude 25,Omakase,Punavuori,Albertinkatu 19,icon,VERIFY,Book,CLOSED,CLOSED,CLOSED,17:00–21:30,Leave 15:00,Billed as Finland's premier omakase. Only Wednesday for you.,Omakase counter,https://www.latitude25.fi/,Official hours,7
Shii,Omakase / otsumami,Kaartinkaupunki,Fabianinkatu 17,icon,VERIFY,Book,VERIFY,VERIFY,VERIFY,VERIFY,Leave 15:00,16 seats; 11-course; cannot be made vegetarian,Counter,https://shii.fi/,Official concept; hours missing — VERIFY,7
Domo,Sushi à la carte,Kamppi,Kalevankatu 21,neighbourhood,VERIFY,Walk-in / call,VERIFY,VERIFY,VERIFY,VERIFY,VERIFY,Long-running; more fish less rice; not buffet,Nigiri,VERIFY official site,Hours not captured — VERIFY,6
Katana Ramen,Ramen,Punavuori / Telakka,Telakkakatu 12,hot,VERIFY,Walk-in,CLOSED?*,11–21*,11–21*,11–21*,11–21*,Dedicated ramen after Momotoko died. HS reviewed Jul 2026.,Tonkotsu,katanaramenclub@gmail.com,Falstaff hours (secondary),8
Bui Ramen,Ramen / mazemen,Kalasatama,Aallonhalkoja 1 L T 2,neighbourhood,Bui Paitan 17.90€ official,Walk-in / book,12–20,11–21,11–21,11–21,11–21,Handmade noodles; not central — only if east,Bui Paitan,https://buiramen.fi/,Official,5
Ramen Ichiraku,Ramen,Kamppi mall 5F,Urho Kekkosen katu 1,cheap-everyday,VERIFY,Walk-in,12–19,11–21,11–21,11–21,11–21 morning,"Emergency bowl. Mall. Time Out: reliable, not soulful.",Tonkotsu / tan tan,https://www.kamppihelsinki.fi/en/shops-and-services/other-stores/ramen-ichiraku/-/110,Official Kamppi listing,5
Sushi Wagocoro,Sushi neighbourhood,Taka-Töölö,Runeberginkatu 63 A 21,neighbourhood,VERIFY,Book/call — tiny,VERIFY,VERIFY,VERIFY,VERIFY,VERIFY,Japanese-owned small room. Confirm before crossing town.,Nigiri,https://www.myhelsinki.fi/places/sushi-wagocoro/,MyHelsinki — hours VERIFY,6
Kabuki,Traditional Japanese,Kamppi,Lapinlahdenkatu 12,neighbourhood,VERIFY,Book — small room,VERIFY,VERIFY,VERIFY,VERIFY,VERIFY,"Old-school Japanese / tatami, not Nordic omakase theatre",Sushi / set,https://www.myhelsinki.fi/places/kabuki/,MyHelsinki — hours VERIFY,6
Sansar (ex-Satkar),Nepalese,Kamppi,Fredrikinkatu 46,cheap-everyday,VERIFY,Walk-in lunch,12–21,10:30–21; lunch to 16,same,same,lunch if time,"Kamppi since 1998. Ordinary diaspora lunch. Search Sansar, not Satkar.",Tandoor / curry lunch,https://www.sansar.fi/,Official,7
Restaurant Mountain,Nepalese,Taka-Töölö,Nordenskiöldinkatu 8,cheap-everyday,VERIFY,Walk-in lunch,12:30–22,10:30–22:30; lunch to 15,same,same,lunch if time,Family-owned since 2000. The kebabpizza analogue.,Dal / tandoor,https://ravintolamountain.com/en/home/,Official,7
BasBas (Baskeri & Basso),Bistro / natural wine,Punavuori,Tehtaankatu 27–29 courtyard,hot,VERIFY,Book,CLOSED,CLOSED,from 16:00,from 16:00,too late,Ingredient-led small plates. Closed Sun–Mon so Tue/Wed.,Share plates + wine,https://basbas.fi/bistro/en/,Official,7
Nolita,Seasonal bistro / wine,Punavuori,Kankurinkatu 6,hot,VERIFY,Book dinner,CLOSED,CLOSED,17–22,17–22,too late,Closed Sun–Mon. In-house sourdough with dinner.,Shareable bistro,https://nolita.fi/en/,Official,6
The Alley,Small plates / wine,Kallio,Fleminginkatu 8,hot,VERIFY,Book / some walk-in,CLOSED,CLOSED,17–23 kitchen 21:30,17–23 kitchen 21:30,too late,Kallio-scale BasBas cousin. Closed Sun–Mon.,Small plates,https://www.thealleyhelsinki.com/,Official,6
Way Bakery Kallio,Bakery / wine,Kallio,Agricolankatu 9,neighbourhood,VERIFY,No reservations,09–16,08–19,08–19,08–19,08–19 morning,Sourdough that can hold a Kallio morning. Not a Fazer clone.,Bread + coffee; wine later,https://www.waybakery.fi/kallio,Official,7
Café Succès,Traditional café,Ullanlinna,Korkeavuorenkatu 2,neighbourhood,VERIFY,Walk-in,11–17,08–18,08–18,08–18,08–18 morning,1957 family café; giant cinnamon bun. Near ADM.,Korvapuusti,https://succes.fi/en/frontpage/,Official,6
Eromanga,Bakery / lihapiirakka,Kaartinkaupunki,Pohjoinen Makasiinikatu 6,neighbourhood,VERIFY,Walk-in,CLOSED,07:30–15:30,07:30–15:30,07:30–15:30,07:30–15:30 if buffer,"1946-recipe meat pie. Savoury bakery, not another bun.",Lihapiirakka,https://eromanga.fi/home/,Official,5
Kannas,Finnish port classic,Hietalahti,Eerikinkatu 43,neighbourhood,VERIFY,Book dinner,14–24 kitchen 22:30,16–24 kitchen 22:30,same,same,too late,Since 1939; sailors/dockworkers room. Less polished than Sea Horse.,Finnish classics,https://kannas.fi/english/,Official,6
Sea Horse,Classic Finnish,Ullanlinna,Kapteeninkatu 11,icon,VERIFY,Book / walk-in,15–24,15–24,15–24,15–24,15–24 (too late to start),1933 institution; onion steak; near ADM,Onion steak / Baltic herring / vorschmack,https://www.seahorse.fi/en/restaurant-sea-horse/,Official summer 8.6.2026+,8
Kosmos,Helsinki classic,Kamppi,Kalevankatu 3,icon,Menu printed; VERIFY,Phone / email,CLOSED,11:30–24,11:30–24,11:30–24,11:30–24,"1924; blinis, vorschmack, Baltic herring. Closed Sundays.",Fried Baltic herrings 22€ on fetched menu,https://kosmos.fi/en/our-food/,Official,7
Elite,Artist restaurant,Töölö,Eteläinen Hesperiankatu 22,icon,VERIFY,Book,13–22,12–22,12–22,12–23,12–23,Since 1932; onion steak cousin in Töölö,Classic Finnish,https://elite.fi/en/front-page/,Official,6
Yes Yes Yes,Vegetarian seasonal,Punavuori,Iso Roobertinkatu 1,hot,VERIFY,Walk-in / book,VERIFY,VERIFY,VERIFY,VERIFY,VERIFY,Local-farm veg; wine. Hours not on official info page.,Seasonal plates,https://yesyesyes.fi/,Official address; hours VERIFY,6
Löyly Restaurant,Finnish casual / terrace,Hernesaari,Hernesaarenranta 4,neighbourhood,VERIFY,Walk-in terrace,Kitchen 11–22,Kitchen 11–23,Kitchen 11–23,Kitchen 11–23,Kitchen 11–23,After sauna — not a destination kitchen,Lohikeitto,https://www.loylyhelsinki.fi/en/info,Official kitchen hours,6
Finnjävel Salonki,Finnish fine dining,Kamppi,Ainonkatu 3,icon,star-tier VERIFY,Book,CLOSED,CLOSED,17–23,17–23,Leave 15:00,Michelin; skip unless you decide to blow the budget. Summer holiday already over.,Tasting,https://finnjavel.fi/en/,Official hours,3
Olo / Palace,Nordic 1–2★,Harbour,VERIFY live,icon,200+ VERIFY,Book weeks ahead,VERIFY,VERIFY,VERIFY,VERIFY,Leave 15:00,Blow-budget. Skip unless you choose to.,Tasting,Michelin / official sites,Not fetched in full this pass,2
Nepalese (Kallio),Nepalese,Kallio,Pick a busy room,cheap-everyday,VERIFY,Walk-in,Many open,Many open,Many open,Many open,Light only,Helsinki's kebabpizza analogue — ordinary diaspora lunch,Dal bhat / momo,Walk Hämeentie,"Neighbourhood observation, not a single venue",6
Savotta / Zetor / Kappeli,Tourist Finnish,Senate Square / Esplanadi,—,skip,—,—,—,—,—,—,—,Postcard Finland,Don't,—,—,0
Sushi buffet chains,Buffet,Everywhere,—,skip,—,—,—,—,—,—,—,Not Domo,Don't,—,—,0
Momotoko,Ramen CLOSED,Yliopistonkatu 5 (former),—,skip,—,—,DEAD,DEAD,DEAD,DEAD,DEAD,Cathywong Oy bankruptcy May 2025; chain said permanently closed,Do not go,https://www.hs.fi/helsinki/art-2000011230551.html,HS 15.5.2025 + MTV 31.5.2025,0
Wino,Wine bar CLOSED this trip,Fleminginkatu 11,—,skip,—,—,CLOSED 1.6–3.9.2026,same,same,same,same,Facade renovation. Do not go.,Don't,https://www.wino.fi/restaurant-wino/,Official closure notice,0
Restaurant Kuu,Töölö classic CLOSED,Töölönkatu 27,—,skip,—,—,CLOSED from 1.7.2026,same,same,same,same,Housing-company renovation; reopen autumn. Don't google-walk there.,Don't,https://ravintolakuu.fi/en/kuu-closed-from-1-7/,Official,0
Adzika / Satkar / Sandro,Moved or dead names,stale maps,—,skip,—,—,TRAP,TRAP,TRAP,TRAP,TRAP,Adzika seeking premises; Satkar is now Sansar; Sandro closed 28 Feb.,Search current names,See research/neighbourhood-eateries.md,Official closure pages,0
