id,org,programme,ask_type,window,fit,collision,status,source_url,accessed_at,confidence,reverify_after,claim_ids,artifact_path,resume_variant,ask_one_liner,eligibility_note,notes,deadline_at,first_seen_at,last_verified_at
opp-newday-2027-watch,Nansen Academy,NEWDAY (Nansen East-West Dialogue Academy),academy,summer-2027,high,LiA,watch,https://nansenskolen.no/kurs/,2026-08-22,high,2026-11-01,claim-newday-2026-dates,,,Watch for 2027 call; do not invent dates,East Asia and Nordic university students historically,2026 dates 29 Jul-6 Aug are not 2027 dates,,,
opp-horizons-newday-funding,HKU Horizons,NEWDAY sponsorship (historical 2024 cycle),funding,winter-2026-27,high,none,watch,https://tl.hku.hk/horizons/newday2024/,2026-08-22,medium,2026-12-01,,,Apply to Horizons if they reopen a NEWDAY or sibling sponsorship,Full-time HKU UG in 2024 cycle,2024 window 11 Dec 2023-7 Jan 2024 for 3 students; not a 2027 promise,,,
opp-eass-2027-watch,KU Leuven / Seoul National University,Euro-Asia Summer School,academy,summer-2027,high,LiA,watch,https://ghum.kuleuven.be/ggs/research/euro_asia_summerschool/summer-school-2026,2026-08-22,medium,2026-12-01,,,Watch 19th edition page when published,Confirm 2027 eligibility on official page,2026 ran 17-29 Aug; rolling until 20 May 2026; 2026 is closed,,,
opp-asefyls-2027-watch,Asia-Europe Foundation,ASEFYLS / Arctic in-person training,academy,summer-2027,medium,LiA,watch,https://asef.org/projects/asefyls-capacity-training-2026/,2026-08-22,medium,2026-12-01,,,Watch next ASEFYLS cycle,Often youth/student organisation representatives; 2026 Tromso was 40 people after online phase,2026 online 9 Jun-30 Jul; Tromso 23-29 Aug; do not copy eligibility forward unread,,,
opp-link-s-protected,HKU LINK,LINK immersion (Shanghai or year's site),academy,protected,high,LINK-S,watch,https://tl.hku.hk/link/,2026-08-22,medium,2026-10-01,,,Do not hunt against this track,HKU UG,Hunt around winter occupancy; confirm 2026/27 site and dates with Bob,,,
opp-lia-makesense-protected,Laidlaw / makesense,Leadership in Action Peace and Social Resilience,internship,protected,high,LiA,watch,https://laidlawscholars.network/,2026-08-22,low,2026-11-01,,,Do not silently drop; flag summer collisions,Laidlaw scholars,Medellin / Mexico City planned; confirm year's intake before locking logistics,,,
opp-nansen-other-courses,Nansen Academy,Other short courses (non-NEWDAY),academy,either,medium,none,watch,https://nansenskolen.no/kurs/,2026-08-22,medium,2026-11-01,,,Scan for winter or summer courses that are residential dialogue-adjacent,Language of instruction often Norwegian — check each course,Folk-high-school DNA; not automatic English academies,,,
opp-apsig-2026-closed,APSIG,APSIG Fellowship 2026,academy,other,low,term,closed,https://www.apsig.asia/apsig-2026-fellowship-applications-now-open/,2026-08-26,high,2027-05-01,claim-apsig-2026-deadline,,,Do not late-apply; keep row for cycle memory,AP region 18+ English; alumni ineligible; conference hoppers not preferred,Closed 21 Aug 2026 23:59 UTC+8; tentative Taipei 29 Nov-3 Dec 2026; aggregator arrived after close,2026-08-21T23:59:00+08:00,2026-08-26,2026-08-26
opp-apsig-2027-watch,APSIG,APSIG Fellowship (next cycle),academy,other,watch,term,watch,https://www.apsig.asia/,2026-08-26,low,2027-05-01,,,,Watch official call; draft only if artifact plus calendar plus true engagement plan exist,Same family as 2026; do not copy 2026 dates,2027 deadline unverified,,,
